{
  "world_frame_to_ee_tip_0_tfs": {
    "0": {
      "w_rot": 0.0,
      "x_pos": 0.5,
      "x_rot": 0.0,
      "y_pos": 0.0,
      "y_rot": -3.141592,
      "z_pos": 0.499936,
      "z_rot": 0.0
    },
    "1": {
      "w_rot": 0.0,
      "x_pos": 0.5,
      "x_rot": 0.017453,
      "y_pos": 0.0,
      "y_rot": -3.141592,
      "z_pos": 0.499936,
      "z_rot": 0.0
    },
    "2": {
      "w_rot": 0.0,
      "x_pos": 0.5,
      "x_rot": -2.9670597,
      "y_pos": 0.0,
      "y_rot": -0.0,
      "z_pos": 0.499936,
      "z_rot": 2.9670597
    },
    "3": {
      "w_rot": 0.0,
      "x_pos": 0.479976163,
      "x_rot": 2.9667,
      "y_pos": 0.0,
      "y_rot": 2.857851299,
      "z_pos": 0.5001108,
      "z_rot": 0.0
    },
    "4": {
      "w_rot": 0.0,
      "x_pos": 0.5,
      "x_rot": 0.0,
      "y_pos": 0.005,
      "y_rot": -3.141592,
      "z_pos": 0.500074498,
      "z_rot": 2.967462649
    },
    "5": {
      "w_rot": 0.0,
      "x_pos": 0.48,
      "x_rot": 2.9671111,
      "y_pos": -0.05,
      "y_rot": 0.0,
      "z_pos": 0.499936,
      "z_rot": 2.9667477
    },
    "6": {
      "w_rot": 0.0,
      "x_pos": 0.470048,
      "x_rot": 3.05432555,
      "y_pos": -0.05,
      "y_rot": 0.0,
      "z_pos": 0.499936,
      "z_rot": 2.967467099
    },
    "7": {
      "w_rot": 0.0,
      "x_pos": 0.51,
      "x_rot": -3.05426412,
      "y_pos": 0.06,
      "y_rot": 0.0,
      "z_pos": 0.499936,
      "z_rot": 3.05426412
    }
  }
}
